step,tokens,destination,source_depth,mean_weight,mean_entropy
190,100139008,block_01_attention,0,1.0,0.0
190,100139008,block_01_mlp,0,0.5221278667449951,0.677352786064148
190,100139008,block_01_mlp,1,0.47787219285964966,0.677352786064148
190,100139008,block_02_attention,0,0.36012977361679077,1.0903037786483765
190,100139008,block_02_attention,1,0.3580135405063629,1.0903037786483765
190,100139008,block_02_attention,2,0.2818566858768463,1.0903037786483765
190,100139008,block_02_mlp,0,0.26710447669029236,1.354536533355713
190,100139008,block_02_mlp,1,0.2968868017196655,1.354536533355713
190,100139008,block_02_mlp,2,0.27697449922561646,1.354536533355713
190,100139008,block_02_mlp,3,0.15903425216674805,1.354536533355713
190,100139008,block_03_attention,0,0.20276132225990295,1.6074399948120117
190,100139008,block_03_attention,1,0.20356698334217072,1.6074399948120117
190,100139008,block_03_attention,2,0.2003144472837448,1.6074399948120117
190,100139008,block_03_attention,3,0.20066092908382416,1.6074399948120117
190,100139008,block_03_attention,4,0.19269631803035736,1.6074399948120117
190,100139008,block_03_mlp,0,0.1818760633468628,1.7578696012496948
190,100139008,block_03_mlp,1,0.19205117225646973,1.7578696012496948
190,100139008,block_03_mlp,2,0.20086994767189026,1.7578696012496948
190,100139008,block_03_mlp,3,0.10242918133735657,1.7578696012496948
190,100139008,block_03_mlp,4,0.1945888251066208,1.7578696012496948
190,100139008,block_03_mlp,5,0.12818482518196106,1.7578696012496948
190,100139008,block_04_attention,0,0.14096608757972717,1.9421714544296265
190,100139008,block_04_attention,1,0.15017010271549225,1.9421714544296265
190,100139008,block_04_attention,2,0.14596478641033173,1.9421714544296265
190,100139008,block_04_attention,3,0.14340515434741974,1.9421714544296265
190,100139008,block_04_attention,4,0.1408178210258484,1.9421714544296265
190,100139008,block_04_attention,5,0.14209862053394318,1.9421714544296265
190,100139008,block_04_attention,6,0.13657742738723755,1.9421714544296265
190,100139008,block_04_mlp,0,0.13698366284370422,2.0315256118774414
190,100139008,block_04_mlp,1,0.15313075482845306,2.0315256118774414
190,100139008,block_04_mlp,2,0.1627504974603653,2.0315256118774414
190,100139008,block_04_mlp,3,0.07703161239624023,2.0315256118774414
190,100139008,block_04_mlp,4,0.14330178499221802,2.0315256118774414
190,100139008,block_04_mlp,5,0.08533522486686707,2.0315256118774414
190,100139008,block_04_mlp,6,0.14143434166908264,2.0315256118774414
190,100139008,block_04_mlp,7,0.10003213584423065,2.0315256118774414
190,100139008,block_05_attention,0,0.10810180753469467,2.1928815841674805
190,100139008,block_05_attention,1,0.11551567912101746,2.1928815841674805
190,100139008,block_05_attention,2,0.11659584939479828,2.1928815841674805
190,100139008,block_05_attention,3,0.11375385522842407,2.1928815841674805
190,100139008,block_05_attention,4,0.11074019968509674,2.1928815841674805
190,100139008,block_05_attention,5,0.1113683432340622,2.1928815841674805
190,100139008,block_05_attention,6,0.10372965782880783,2.1928815841674805
190,100139008,block_05_attention,7,0.11501774191856384,2.1928815841674805
190,100139008,block_05_attention,8,0.10517687350511551,2.1928815841674805
190,100139008,block_05_mlp,0,0.105786994099617,2.2665395736694336
190,100139008,block_05_mlp,1,0.12709704041481018,2.2665395736694336
190,100139008,block_05_mlp,2,0.12960387766361237,2.2665395736694336
190,100139008,block_05_mlp,3,0.06579025089740753,2.2665395736694336
190,100139008,block_05_mlp,4,0.12008918076753616,2.2665395736694336
190,100139008,block_05_mlp,5,0.0745248943567276,2.2665395736694336
190,100139008,block_05_mlp,6,0.10178246349096298,2.2665395736694336
190,100139008,block_05_mlp,7,0.08240263164043427,2.2665395736694336
190,100139008,block_05_mlp,8,0.1019238829612732,2.2665395736694336
190,100139008,block_05_mlp,9,0.09099879860877991,2.2665395736694336
190,100139008,block_06_attention,0,0.09020079672336578,2.3966715335845947
190,100139008,block_06_attention,1,0.09441384673118591,2.3966715335845947
190,100139008,block_06_attention,2,0.09524735063314438,2.3966715335845947
190,100139008,block_06_attention,3,0.08659082651138306,2.3966715335845947
190,100139008,block_06_attention,4,0.09316973388195038,2.3966715335845947
190,100139008,block_06_attention,5,0.09076928347349167,2.3966715335845947
190,100139008,block_06_attention,6,0.08798776566982269,2.3966715335845947
190,100139008,block_06_attention,7,0.09161841124296188,2.3966715335845947
190,100139008,block_06_attention,8,0.08757119625806808,2.3966715335845947
190,100139008,block_06_attention,9,0.09344486892223358,2.3966715335845947
190,100139008,block_06_attention,10,0.08898591995239258,2.3966715335845947
190,100139008,block_06_mlp,0,0.08431528508663177,2.453958034515381
190,100139008,block_06_mlp,1,0.10485371202230453,2.453958034515381
190,100139008,block_06_mlp,2,0.10747547447681427,2.453958034515381
190,100139008,block_06_mlp,3,0.05983901023864746,2.453958034515381
190,100139008,block_06_mlp,4,0.10479389131069183,2.453958034515381
190,100139008,block_06_mlp,5,0.06657714396715164,2.453958034515381
190,100139008,block_06_mlp,6,0.08333667367696762,2.453958034515381
190,100139008,block_06_mlp,7,0.07484982162714005,2.453958034515381
190,100139008,block_06_mlp,8,0.07640551030635834,2.453958034515381
190,100139008,block_06_mlp,9,0.08135198056697845,2.453958034515381
190,100139008,block_06_mlp,10,0.07694802433252335,2.453958034515381
190,100139008,block_06_mlp,11,0.07925347238779068,2.453958034515381
190,100139008,block_07_attention,0,0.07391275465488434,2.5576250553131104
190,100139008,block_07_attention,1,0.08659619092941284,2.5576250553131104
190,100139008,block_07_attention,2,0.0843496024608612,2.5576250553131104
190,100139008,block_07_attention,3,0.0746322050690651,2.5576250553131104
190,100139008,block_07_attention,4,0.08356784284114838,2.5576250553131104
190,100139008,block_07_attention,5,0.07583769410848618,2.5576250553131104
190,100139008,block_07_attention,6,0.0749405175447464,2.5576250553131104
190,100139008,block_07_attention,7,0.08150099217891693,2.5576250553131104
190,100139008,block_07_attention,8,0.06982163339853287,2.5576250553131104
190,100139008,block_07_attention,9,0.08432218432426453,2.5576250553131104
190,100139008,block_07_attention,10,0.0664374902844429,2.5576250553131104
190,100139008,block_07_attention,11,0.07844065129756927,2.5576250553131104
190,100139008,block_07_attention,12,0.06564024090766907,2.5576250553131104
190,100139008,block_07_mlp,0,0.07069393992424011,2.608924388885498
190,100139008,block_07_mlp,1,0.09231705218553543,2.608924388885498
190,100139008,block_07_mlp,2,0.09044680744409561,2.608924388885498
190,100139008,block_07_mlp,3,0.05643825978040695,2.608924388885498
190,100139008,block_07_mlp,4,0.09047071635723114,2.608924388885498
190,100139008,block_07_mlp,5,0.059607118368148804,2.608924388885498
190,100139008,block_07_mlp,6,0.07123744487762451,2.608924388885498
190,100139008,block_07_mlp,7,0.06619751453399658,2.608924388885498
190,100139008,block_07_mlp,8,0.06496069580316544,2.608924388885498
190,100139008,block_07_mlp,9,0.07230120897293091,2.608924388885498
190,100139008,block_07_mlp,10,0.0625058114528656,2.608924388885498
190,100139008,block_07_mlp,11,0.06993943452835083,2.608924388885498
190,100139008,block_07_mlp,12,0.05973852053284645,2.608924388885498
190,100139008,block_07_mlp,13,0.07314547896385193,2.608924388885498
190,100139008,block_08_attention,0,0.06486102938652039,2.7031593322753906
190,100139008,block_08_attention,1,0.07260170578956604,2.7031593322753906
190,100139008,block_08_attention,2,0.07163233309984207,2.7031593322753906
190,100139008,block_08_attention,3,0.06634461879730225,2.7031593322753906
190,100139008,block_08_attention,4,0.07085341215133667,2.7031593322753906
190,100139008,block_08_attention,5,0.06633074581623077,2.7031593322753906
190,100139008,block_08_attention,6,0.06772853434085846,2.7031593322753906
190,100139008,block_08_attention,7,0.06909698992967606,2.7031593322753906
190,100139008,block_08_attention,8,0.06508871912956238,2.7031593322753906
190,100139008,block_08_attention,9,0.07114583253860474,2.7031593322753906
190,100139008,block_08_attention,10,0.06236576661467552,2.7031593322753906
190,100139008,block_08_attention,11,0.06770328432321548,2.7031593322753906
190,100139008,block_08_attention,12,0.060514964163303375,2.7031593322753906
190,100139008,block_08_attention,13,0.06633888185024261,2.7031593322753906
190,100139008,block_08_attention,14,0.0573931485414505,2.7031593322753906
190,100139008,block_08_mlp,0,0.06172763556241989,2.7402892112731934
190,100139008,block_08_mlp,1,0.0824982225894928,2.7402892112731934
190,100139008,block_08_mlp,2,0.07917191088199615,2.7402892112731934
190,100139008,block_08_mlp,3,0.05439054220914841,2.7402892112731934
190,100139008,block_08_mlp,4,0.07985727488994598,2.7402892112731934
190,100139008,block_08_mlp,5,0.05626209080219269,2.7402892112731934
190,100139008,block_08_mlp,6,0.06437775492668152,2.7402892112731934
190,100139008,block_08_mlp,7,0.06267617642879486,2.7402892112731934
190,100139008,block_08_mlp,8,0.05609960854053497,2.7402892112731934
190,100139008,block_08_mlp,9,0.06930167227983475,2.7402892112731934
190,100139008,block_08_mlp,10,0.053725846111774445,2.7402892112731934
190,100139008,block_08_mlp,11,0.064754918217659,2.7402892112731934
190,100139008,block_08_mlp,12,0.04978293552994728,2.7402892112731934
190,100139008,block_08_mlp,13,0.06590566039085388,2.7402892112731934
190,100139008,block_08_mlp,14,0.04438890516757965,2.7402892112731934
190,100139008,block_08_mlp,15,0.05507883429527283,2.7402892112731934
190,100139008,block_09_attention,0,0.05852513015270233,2.8264317512512207
190,100139008,block_09_attention,1,0.06701862812042236,2.8264317512512207
190,100139008,block_09_attention,2,0.06540001928806305,2.8264317512512207
190,100139008,block_09_attention,3,0.05709462612867355,2.8264317512512207
190,100139008,block_09_attention,4,0.06624625623226166,2.8264317512512207
190,100139008,block_09_attention,5,0.06047812104225159,2.8264317512512207
190,100139008,block_09_attention,6,0.06260053813457489,2.8264317512512207
190,100139008,block_09_attention,7,0.06163319572806358,2.8264317512512207
190,100139008,block_09_attention,8,0.059465501457452774,2.8264317512512207
190,100139008,block_09_attention,9,0.06261153519153595,2.8264317512512207
190,100139008,block_09_attention,10,0.05562924966216087,2.8264317512512207
190,100139008,block_09_attention,11,0.060122162103652954,2.8264317512512207
190,100139008,block_09_attention,12,0.0539095513522625,2.8264317512512207
190,100139008,block_09_attention,13,0.056373246014118195,2.8264317512512207
190,100139008,block_09_attention,14,0.05141768977046013,2.8264317512512207
190,100139008,block_09_attention,15,0.05217750370502472,2.8264317512512207
190,100139008,block_09_attention,16,0.04929705709218979,2.8264317512512207
190,100139008,block_09_mlp,0,0.05617041513323784,2.8363189697265625
190,100139008,block_09_mlp,1,0.080966055393219,2.8363189697265625
190,100139008,block_09_mlp,2,0.07526141405105591,2.8363189697265625
190,100139008,block_09_mlp,3,0.05084936320781708,2.8363189697265625
190,100139008,block_09_mlp,4,0.07625777274370193,2.8363189697265625
190,100139008,block_09_mlp,5,0.05370837450027466,2.8363189697265625
190,100139008,block_09_mlp,6,0.05967045575380325,2.8363189697265625
190,100139008,block_09_mlp,7,0.06103219836950302,2.8363189697265625
190,100139008,block_09_mlp,8,0.050886549055576324,2.8363189697265625
190,100139008,block_09_mlp,9,0.06813714653253555,2.8363189697265625
190,100139008,block_09_mlp,10,0.04749719053506851,2.8363189697265625
190,100139008,block_09_mlp,11,0.06164845451712608,2.8363189697265625
190,100139008,block_09_mlp,12,0.0430307611823082,2.8363189697265625
190,100139008,block_09_mlp,13,0.06288611888885498,2.8363189697265625
190,100139008,block_09_mlp,14,0.03674276918172836,2.8363189697265625
190,100139008,block_09_mlp,15,0.04910910874605179,2.8363189697265625
190,100139008,block_09_mlp,16,0.032587289810180664,2.8363189697265625
190,100139008,block_09_mlp,17,0.03355855494737625,2.8363189697265625
190,100139008,block_10_attention,0,0.05366288870573044,2.939255714416504
190,100139008,block_10_attention,1,0.05934932827949524,2.939255714416504
190,100139008,block_10_attention,2,0.05772682651877403,2.939255714416504
190,100139008,block_10_attention,3,0.052289023995399475,2.939255714416504
190,100139008,block_10_attention,4,0.059150584042072296,2.939255714416504
190,100139008,block_10_attention,5,0.05278414487838745,2.939255714416504
190,100139008,block_10_attention,6,0.05654028430581093,2.939255714416504
190,100139008,block_10_attention,7,0.05368693545460701,2.939255714416504
190,100139008,block_10_attention,8,0.05518703907728195,2.939255714416504
190,100139008,block_10_attention,9,0.05323726683855057,2.939255714416504
190,100139008,block_10_attention,10,0.05289715528488159,2.939255714416504
190,100139008,block_10_attention,11,0.05283625051379204,2.939255714416504
190,100139008,block_10_attention,12,0.05193725973367691,2.939255714416504
190,100139008,block_10_attention,13,0.05178135633468628,2.939255714416504
190,100139008,block_10_attention,14,0.05038925260305405,2.939255714416504
190,100139008,block_10_attention,15,0.04828045144677162,2.939255714416504
190,100139008,block_10_attention,16,0.048233915120363235,2.939255714416504
190,100139008,block_10_attention,17,0.04345038905739784,2.939255714416504
190,100139008,block_10_attention,18,0.046579644083976746,2.939255714416504
190,100139008,block_10_mlp,0,0.052673861384391785,2.9343631267547607
190,100139008,block_10_mlp,1,0.07442639768123627,2.9343631267547607
190,100139008,block_10_mlp,2,0.06987456977367401,2.9343631267547607
190,100139008,block_10_mlp,3,0.048492901027202606,2.9343631267547607
190,100139008,block_10_mlp,4,0.06973272562026978,2.9343631267547607
190,100139008,block_10_mlp,5,0.0531514547765255,2.9343631267547607
190,100139008,block_10_mlp,6,0.05635033920407295,2.9343631267547607
190,100139008,block_10_mlp,7,0.059790655970573425,2.9343631267547607
190,100139008,block_10_mlp,8,0.048450589179992676,2.9343631267547607
190,100139008,block_10_mlp,9,0.06610707938671112,2.9343631267547607
190,100139008,block_10_mlp,10,0.04495351389050484,2.9343631267547607
190,100139008,block_10_mlp,11,0.05931619554758072,2.9343631267547607
190,100139008,block_10_mlp,12,0.04108555614948273,2.9343631267547607
190,100139008,block_10_mlp,13,0.05875208228826523,2.9343631267547607
190,100139008,block_10_mlp,14,0.034837380051612854,2.9343631267547607
190,100139008,block_10_mlp,15,0.046098530292510986,2.9343631267547607
190,100139008,block_10_mlp,16,0.031088126823306084,2.9343631267547607
190,100139008,block_10_mlp,17,0.03188953921198845,2.9343631267547607
190,100139008,block_10_mlp,18,0.02728343941271305,2.9343631267547607
190,100139008,block_10_mlp,19,0.025645047426223755,2.9343631267547607
190,100139008,block_11_attention,0,0.049266017973423004,3.0392441749572754
190,100139008,block_11_attention,1,0.052798792719841,3.0392441749572754
190,100139008,block_11_attention,2,0.052529655396938324,3.0392441749572754
190,100139008,block_11_attention,3,0.04857324808835983,3.0392441749572754
190,100139008,block_11_attention,4,0.053426727652549744,3.0392441749572754
190,100139008,block_11_attention,5,0.04821278527379036,3.0392441749572754
190,100139008,block_11_attention,6,0.05222456902265549,3.0392441749572754
190,100139008,block_11_attention,7,0.04915253072977066,3.0392441749572754
190,100139008,block_11_attention,8,0.05049874633550644,3.0392441749572754
190,100139008,block_11_attention,9,0.04902239888906479,3.0392441749572754
190,100139008,block_11_attention,10,0.048912499099969864,3.0392441749572754
190,100139008,block_11_attention,11,0.048662010580301285,3.0392441749572754
190,100139008,block_11_attention,12,0.0484323725104332,3.0392441749572754
190,100139008,block_11_attention,13,0.047498974949121475,3.0392441749572754
190,100139008,block_11_attention,14,0.047734007239341736,3.0392441749572754
190,100139008,block_11_attention,15,0.04427656903862953,3.0392441749572754
190,100139008,block_11_attention,16,0.0450250580906868,3.0392441749572754
190,100139008,block_11_attention,17,0.04113414138555527,3.0392441749572754
190,100139008,block_11_attention,18,0.043299153447151184,3.0392441749572754
190,100139008,block_11_attention,19,0.038243018090724945,3.0392441749572754
190,100139008,block_11_attention,20,0.041076719760894775,3.0392441749572754
190,100139008,block_11_mlp,0,0.050013504922389984,3.011018753051758
190,100139008,block_11_mlp,1,0.07069818675518036,3.011018753051758
190,100139008,block_11_mlp,2,0.06624510884284973,3.011018753051758
190,100139008,block_11_mlp,3,0.04766610637307167,3.011018753051758
190,100139008,block_11_mlp,4,0.06738705933094025,3.011018753051758
190,100139008,block_11_mlp,5,0.053027037531137466,3.011018753051758
190,100139008,block_11_mlp,6,0.05416202172636986,3.011018753051758
190,100139008,block_11_mlp,7,0.058712758123874664,3.011018753051758
190,100139008,block_11_mlp,8,0.046510081738233566,3.011018753051758
190,100139008,block_11_mlp,9,0.06413417309522629,3.011018753051758
190,100139008,block_11_mlp,10,0.04237223044037819,3.011018753051758
190,100139008,block_11_mlp,11,0.05859880894422531,3.011018753051758
190,100139008,block_11_mlp,12,0.03901321813464165,3.011018753051758
190,100139008,block_11_mlp,13,0.05607292428612709,3.011018753051758
190,100139008,block_11_mlp,14,0.03320934996008873,3.011018753051758
190,100139008,block_11_mlp,15,0.043498195707798004,3.011018753051758
190,100139008,block_11_mlp,16,0.029294852167367935,3.011018753051758
190,100139008,block_11_mlp,17,0.029670879244804382,3.011018753051758
190,100139008,block_11_mlp,18,0.025227289646863937,3.011018753051758
190,100139008,block_11_mlp,19,0.023393817245960236,3.011018753051758
190,100139008,block_11_mlp,20,0.02267460525035858,3.011018753051758
190,100139008,block_11_mlp,21,0.018417775630950928,3.011018753051758
190,100139008,block_12_attention,0,0.045420605689287186,3.129014253616333
190,100139008,block_12_attention,1,0.04900132864713669,3.129014253616333
190,100139008,block_12_attention,2,0.04841705784201622,3.129014253616333
190,100139008,block_12_attention,3,0.046050749719142914,3.129014253616333
190,100139008,block_12_attention,4,0.04884099215269089,3.129014253616333
190,100139008,block_12_attention,5,0.046345338225364685,3.129014253616333
190,100139008,block_12_attention,6,0.04709186777472496,3.129014253616333
190,100139008,block_12_attention,7,0.047361645847558975,3.129014253616333
190,100139008,block_12_attention,8,0.045512855052948,3.129014253616333
190,100139008,block_12_attention,9,0.047347184270620346,3.129014253616333
190,100139008,block_12_attention,10,0.04419725388288498,3.129014253616333
190,100139008,block_12_attention,11,0.04616142809391022,3.129014253616333
190,100139008,block_12_attention,12,0.043639346957206726,3.129014253616333
190,100139008,block_12_attention,13,0.046148184686899185,3.129014253616333
190,100139008,block_12_attention,14,0.042606331408023834,3.129014253616333
190,100139008,block_12_attention,15,0.04263567924499512,3.129014253616333
190,100139008,block_12_attention,16,0.040953196585178375,3.129014253616333
190,100139008,block_12_attention,17,0.038642529398202896,3.129014253616333
190,100139008,block_12_attention,18,0.03932664170861244,3.129014253616333
190,100139008,block_12_attention,19,0.03656352311372757,3.129014253616333
190,100139008,block_12_attention,20,0.03782707452774048,3.129014253616333
190,100139008,block_12_attention,21,0.033734869211912155,3.129014253616333
190,100139008,block_12_attention,22,0.03617432340979576,3.129014253616333
190,100139008,block_12_mlp,0,0.04695217311382294,3.1205596923828125
190,100139008,block_12_mlp,1,0.06110166013240814,3.1205596923828125
190,100139008,block_12_mlp,2,0.0586574450135231,3.1205596923828125
190,100139008,block_12_mlp,3,0.04531174153089523,3.1205596923828125
190,100139008,block_12_mlp,4,0.058742228895425797,3.1205596923828125
190,100139008,block_12_mlp,5,0.04871908947825432,3.1205596923828125
190,100139008,block_12_mlp,6,0.05032970756292343,3.1205596923828125
190,100139008,block_12_mlp,7,0.0525839738547802,3.1205596923828125
190,100139008,block_12_mlp,8,0.04530930146574974,3.1205596923828125
190,100139008,block_12_mlp,9,0.057742439210414886,3.1205596923828125
190,100139008,block_12_mlp,10,0.041949592530727386,3.1205596923828125
190,100139008,block_12_mlp,11,0.053051285445690155,3.1205596923828125
190,100139008,block_12_mlp,12,0.03940555825829506,3.1205596923828125
190,100139008,block_12_mlp,13,0.051504265516996384,3.1205596923828125
190,100139008,block_12_mlp,14,0.0348554365336895,3.1205596923828125
190,100139008,block_12_mlp,15,0.04263261705636978,3.1205596923828125
190,100139008,block_12_mlp,16,0.031694091856479645,3.1205596923828125
190,100139008,block_12_mlp,17,0.03148145228624344,3.1205596923828125
190,100139008,block_12_mlp,18,0.02809426747262478,3.1205596923828125
190,100139008,block_12_mlp,19,0.026231173425912857,3.1205596923828125
190,100139008,block_12_mlp,20,0.025571897625923157,3.1205596923828125
190,100139008,block_12_mlp,21,0.021370358765125275,3.1205596923828125
190,100139008,block_12_mlp,22,0.02387681044638157,3.1205596923828125
190,100139008,block_12_mlp,23,0.02283143252134323,3.1205596923828125
190,100139008,ln_f_input,0,0.043005045503377914,3.188244342803955
190,100139008,ln_f_input,1,0.039940543472766876,3.188244342803955
190,100139008,ln_f_input,2,0.03953426331281662,3.188244342803955
190,100139008,ln_f_input,3,0.03434358164668083,3.188244342803955
190,100139008,ln_f_input,4,0.044638872146606445,3.188244342803955
190,100139008,ln_f_input,5,0.029853681102395058,3.188244342803955
190,100139008,ln_f_input,6,0.04890649765729904,3.188244342803955
190,100139008,ln_f_input,7,0.029270939528942108,3.188244342803955
190,100139008,ln_f_input,8,0.048390962183475494,3.188244342803955
190,100139008,ln_f_input,9,0.028616156429052353,3.188244342803955
190,100139008,ln_f_input,10,0.048407621681690216,3.188244342803955
190,100139008,ln_f_input,11,0.034609369933605194,3.188244342803955
190,100139008,ln_f_input,12,0.050114087760448456,3.188244342803955
190,100139008,ln_f_input,13,0.03532440960407257,3.188244342803955
190,100139008,ln_f_input,14,0.05236241966485977,3.188244342803955
190,100139008,ln_f_input,15,0.036949753761291504,3.188244342803955
190,100139008,ln_f_input,16,0.05116163194179535,3.188244342803955
190,100139008,ln_f_input,17,0.03468417748808861,3.188244342803955
190,100139008,ln_f_input,18,0.05069470778107643,3.188244342803955
190,100139008,ln_f_input,19,0.034396879374980927,3.188244342803955
190,100139008,ln_f_input,20,0.04377488046884537,3.188244342803955
190,100139008,ln_f_input,21,0.0320277102291584,3.188244342803955
190,100139008,ln_f_input,22,0.03970686346292496,3.188244342803955
190,100139008,ln_f_input,23,0.033594682812690735,3.188244342803955
190,100139008,ln_f_input,24,0.03569025918841362,3.188244342803955
