ce,count,id,nll
3.515525902932815,1024,0,3599.8985246032025
3.3862450941966244,1024,1,3467.5149764573434
2.7920380647735215,1024,2,2859.046978328086
2.9161362607680914,1024,3,2986.1235310265256
3.0786064898367727,1024,4,3152.493045592855
2.9255569044408105,1024,5,2995.77027014739
3.4340454189093634,1024,6,3516.462508963188
3.0516258398634264,1024,7,3124.8648600201486
2.5230480728196625,1024,8,2583.6012265673344
2.818544956078375,1024,9,2886.190035024256
3.148702278577076,1024,10,3224.271133262926
2.6413884439913353,1024,11,2704.7817666471274
2.6637084961067288,1024,12,2727.6375000132903
3.1691668824027834,1024,13,3245.2268875804502
3.3876302733841896,1024,14,3468.93339994541
3.023820418616552,1024,15,3096.392108663349
2.6603180362850125,1024,16,2724.165669155853
2.9599634720449917,1024,17,3031.0025953740715
2.8754767183610017,1024,18,2944.4881596016658
2.69466234345351,1024,19,2759.3342396963944
3.07926363351379,1024,20,3153.165960718121
3.2858320714824174,1024,21,3364.6920411979954
3.0613530317341553,1024,22,3134.825504495775
2.9097772181744475,1024,23,2979.611871410634
2.662635887597821,1024,24,2726.5391489001686
3.55394173307425,1024,25,3639.236334668032
3.422704758493186,1024,26,3504.8496726970225
3.021871192861852,1024,27,3094.3961014905362
2.9243041793427675,1024,28,2994.487479646994
3.2244347257398402,1024,29,3301.8211591575964
3.2371941941491116,1024,30,3314.8868548086903
3.075861009798018,1024,31,3149.6816740331706
3.2806020273307013,1024,32,3359.336475986638
3.0493449498893597,1024,33,3122.5292286867043
3.0089071912328293,1024,34,3081.1209638224173
2.6515551625926292,1024,35,2715.1924864948523
3.203837740277109,1024,36,3280.7298460437596
2.8038441129686476,1024,37,2871.136371679895
2.6367818531767853,1024,38,2700.064617653028
3.175640048854085,1024,39,3251.855410026583
2.783468412320552,1024,40,2850.271654216245
2.629647520996322,1024,41,2692.7590615002337
2.5292765025050095,1024,42,2589.9791385651297
3.075481651762459,1024,43,3149.293211404758
3.505607927697845,1024,44,3589.7425179625934
2.8969206011959656,1024,45,2966.446695624669
2.8081000033494945,1024,46,2875.4944034298824
2.729768395537519,1024,47,2795.2828370304196
3.2420540055822755,1024,48,3319.86330171625
3.5387478197319524,1024,49,3623.6777674055193
3.1493724810517136,1024,50,3224.9574205969548
3.2748528641124466,1024,51,3353.4493328511453
3.6027082938717285,1024,52,3689.17329292465
3.330468902221188,1024,53,3410.4001558744967
2.984532341503659,1024,54,3056.1611176997467
2.4366299622729883,1024,55,2495.10908136754
2.91625245356456,1024,56,2986.2425124501096
3.0454822687162846,1024,57,3118.5738431654754
3.219957126608776,1024,58,3297.2360976473865
3.3416104253123535,1024,59,3421.80907551985
2.874860610851755,1024,60,2943.857265512197
3.5910062356816184,1024,61,3677.190385337977
2.8585038005143844,1024,62,2927.1078917267296
2.8202368595953935,1024,63,2887.922544225683
3.1546686717959744,1024,64,3230.380719919078
3.3332042317119885,1024,65,3413.2011332730763
3.7937276579651495,1024,66,3884.777121756313
3.0335715566164367,1024,67,3106.377273975231
3.3092649137466594,1024,68,3388.6872716765793
3.0297250519563335,1024,69,3102.4384532032855
2.5336791814189024,1024,70,2594.487481772956
2.1544832955037414,1024,71,2206.190894595831
3.0719697162785913,1024,72,3145.6969894692775
3.2538721706647777,1024,73,3331.9651027607324
3.389395924133737,1024,74,3470.7414263129467
2.8959187750626256,1024,75,2965.4208256641286
3.6658476829499023,1024,76,3753.8280273407
2.6074258254700684,1024,77,2670.00404528135
3.203110408928893,1024,78,3279.9850587431865
3.307521700702239,1024,79,3386.9022215190926
3.0363643079511675,1024,80,3109.2370513419955
3.364102806585265,1024,81,3444.8412739433115
2.7607732481885634,1024,82,2827.031806145089
2.866523386563326,1024,83,2935.319947840846
3.198136831310009,1024,84,3274.8921152614494
2.877172535083872,1024,85,2946.224675925885
2.769478640112318,1024,86,2835.946127475014
2.310922294769352,1024,87,2366.3844298438166
3.702461035826417,1024,88,3791.320100686251
3.3929955156967253,1024,89,3474.4274080734467
3.6294855472566994,1024,90,3716.59320039086
3.0854722126080567,1024,91,3159.52354571065
2.8714153983553956,1024,92,2940.329367915925
3.0058406622680707,1024,93,3077.9808381625044
2.5879055589884103,1024,94,2650.015292404132
2.398660637608594,1024,95,2456.2284929112
3.268086930056601,1024,96,3346.5210163779593
2.8248985011977936,1024,97,2892.6960652265407
2.885171971821114,1024,98,2954.4160991448207
2.478706011901096,1024,99,2538.1949561867223
2.914138536127439,1024,100,2984.0778609944973
2.9841897541259144,1024,101,3055.8103082249363
3.2976238686862303,1024,102,3376.7668415347
2.7876932485982593,1024,103,2854.5978865646175
3.04209052728352,1024,104,3115.1006999383244
3.035897782914624,1024,105,3108.759329704575
2.8762631431485968,1024,106,2945.293458584163
3.025462848274792,1024,107,3098.073956633387
2.953340566681648,1024,108,3024.2207402820077
3.1022045601644095,1024,109,3176.6574696083553
3.1162939771446645,1024,110,3191.0850325961364
3.3282748627671914,1024,111,3408.153459473604
3.187416448380219,1024,112,3263.9144431413442
3.35630597583733,1024,113,3436.857319257426
2.95005042785111,1024,114,3020.851638119537
2.8134229579585295,1024,115,2880.945108949534
3.2805908128674446,1024,116,3359.3249923762633
3.2340293875954558,1024,117,3311.6460928977467
2.99693008904093,1024,118,3068.8564111779124
2.9276761775069957,1024,119,2997.9404057671636
3.559966356741347,1024,120,3645.405549303139
3.1566654956727973,1024,121,3232.4254675689444
3.003738806898781,1024,122,3075.8285382643517
2.873016160899084,1024,123,2941.968548760662
2.814207022073049,1024,124,2881.747990602802
3.019254683607926,1024,125,3091.716796014516
2.9853001873327116,1024,126,3056.9473918286967
2.7383169439867494,1024,127,2804.0365506424314
2.868997157037062,1024,128,2937.8530888059513
2.776379368486019,1024,129,2843.0124733296834
3.0908809451612527,1024,130,3165.0620878451227
3.165248922425377,1024,131,3241.214896563586
2.86236490543266,1024,132,2931.0616631630437
3.530544223781078,1024,133,3615.277285151824
3.308490576565106,1024,134,3387.8943504026684
3.254080624430159,1024,135,3332.178559416483
3.3611509656218743,1024,136,3441.8185887967993
2.8601397514481377,1024,137,2928.783105482893
3.127287486796348,1024,138,3202.3423864794604
2.5243471078911117,1024,139,2584.9314384804984
2.760517621083107,1024,140,2826.7700439891014
3.1006053439668193,1024,141,3175.019872222023
2.6538194643611845,1024,142,2717.511131505853
2.8440769713457428,1024,143,2912.3348186580406
3.0424984219662043,1024,144,3115.5183840933933
3.239565802540568,1024,145,3317.3153818015417
3.253769170004432,1024,146,3331.8596300845384
3.044735658925447,1024,147,3117.8093147396576
3.325809904373102,1024,148,3405.6293420780567
3.034387249935847,1024,149,3107.212543934307
3.078346313452087,1024,150,3152.2266249749373
3.022433380528696,1024,151,3094.9717816613847
2.930552939157831,1024,152,3000.886209697619
3.1061293543027944,1024,153,3180.6764588060614
3.2716312501788707,1024,154,3350.1504001831636
2.671671944494065,1024,155,2735.7920711619226
2.799925317021504,1024,156,2867.1235246300203
2.845016723130591,1024,157,2913.2971244857254
2.9141490237294363,1024,158,2984.0886002989428
3.0613110215918056,1024,159,3134.782486110009
2.2086483124734455,1024,160,2261.655871972808
2.4678203881672234,1024,161,2527.0480774832367
3.4058448108958466,1024,162,3487.585086357347
2.9320402426127714,1024,163,3002.409208435478
3.303517344545284,1024,164,3382.801760814371
2.9350751545106277,1024,165,3005.516958218883
3.1139681494912566,1024,166,3188.7033850790467
2.9078322361751248,1024,167,2977.6202098433278
3.0001030788597234,1024,168,3072.1055527523567
2.8815973261215646,1024,169,2950.755661948482
3.3960076262684,1024,170,3477.5118092988414
3.0474583803264874,1024,171,3120.597381454323
2.9412081793883402,1024,172,3011.7971756936604
3.6780674410645986,1024,173,3766.341059650149
3.470545250726488,1024,174,3553.8383367439237
3.0128642093217906,1024,175,3085.1729503455135
2.940636582499266,1024,176,3011.2118604792486
3.00758962387809,1024,177,3079.771774851164
2.99050658544585,1024,178,3062.2787434965503
2.994056339738222,1024,179,3065.9136918919394
3.1278389175246986,1024,180,3202.9070515452913
3.088722599378876,1024,181,3162.851941763969
2.997034455197209,1024,182,3068.963282121942
2.729816870122761,1024,183,2795.3324750057072
3.2517311846499126,1024,184,3329.7727330815105
3.469140358572009,1024,185,3552.399727177737
3.3787921195229007,1024,186,3459.8831303914503
3.499888433068463,1024,187,3583.8857554621063
3.6583208445869104,1024,188,3746.1205448569963
3.678407939493013,1024,189,3766.6897300408455
3.659455105145298,1024,190,3747.2820276687853
3.7998849664523675,1024,191,3891.0822056472243
3.916291038043994,1024,192,4010.28202295705
3.8732379473665333,1024,193,3966.19565810333
4.013219300210949,1024,194,4109.536563416012
3.5296432902964057,1024,195,3614.3547292635194
3.830074100770048,1024,196,3921.995879188529
3.7072845167692208,1024,197,3796.259345171682
3.6654895413735176,1024,198,3753.461290366482
3.83542622578625,1024,199,3927.47645520512
2.5503871419157473,1024,200,2611.5964333217253
2.6579957557778826,1024,201,2721.787653916552
3.0636929631222074,1024,202,3137.2215942371404
2.910203025315951,1024,203,2980.047897923534
2.729647491787432,1024,204,2795.1590315903304
3.038501343338133,1024,205,3111.4253755782483
3.2667526894806045,1024,206,3345.154754028139
2.6673395383405794,1024,207,2731.3556872607533
2.870577259724424,1024,208,2939.4711139578103
2.9621645957941194,1024,209,3033.2565460931783
3.0129794524811686,1024,210,3085.2909593407167
2.9341645611462415,1024,211,3004.5845106137513
3.3095688485243855,1024,212,3388.9985008889707
3.307534172122203,1024,213,3386.914992253136
2.541827895884353,1024,214,2602.8317653855775
2.788905765642056,1024,215,2855.8395040174655
3.074393063841619,1024,216,3148.1784973738177
3.17175767030988,1024,217,3247.879854397317
3.5086074683972583,1024,218,3592.8140476387925
2.9959457134847938,1024,219,3067.848410608429
2.322478835153495,1024,220,2378.218327197179
3.261190979191177,1024,221,3339.4595626917653
3.0730062121421753,1024,222,3146.7583612335875
3.1657327866862275,1024,223,3241.710373566697
2.7675292988922493,1024,224,2833.9500020656633
3.3464886817333124,1024,225,3426.804410094912
3.083865091155335,1024,226,3157.877853343063
2.6228189284342136,1024,227,2685.7665827166347
3.197691481790116,1024,228,3274.436077353079
2.9673836631054087,1024,229,3038.6008710199385
2.8581960110081894,1024,230,2926.792715272386
3.1186643891262094,1024,231,3193.5123344652384
2.8051475836553994,1024,232,2872.471125663129
2.5746428221925335,1024,233,2636.4342499251543
2.8033765614399737,1024,234,2870.657598914533
2.9264367198345624,1024,235,2996.671201110592
3.048231257042655,1024,236,3121.388807211679
2.6495320716835984,1024,237,2713.1208414040048
3.0134730655316098,1024,238,3085.7964191043684
2.811801887656231,1024,239,2879.2851329599807
3.115236543770438,1024,240,3190.0022208209284
2.7506207817553516,1024,241,2816.63568051748
3.011317092636215,1024,242,3083.5887028594843
3.6373008405832934,1024,243,3724.5960607572924
2.8076328405323174,1024,244,2875.016028705093
2.770384290864115,1024,245,2836.8735138448537
2.6784030639308867,1024,246,2742.684737465228
2.963711752989113,1024,247,3034.8408350608515
3.097289168906798,1024,248,3171.624108960561
3.1288518921361543,1024,249,3203.944337547422
2.818175826618962,1024,250,2885.812046457817
2.7019189625587785,1024,251,2766.765017660189
3.448619572186601,1024,252,3531.3864419190795
3.3783476050443983,1024,253,3459.427947565464
3.246144506373227,1024,254,3324.0519745261845
3.3339865870244694,1024,255,3414.0022651130566
3.6124164772047322,1024,256,3699.114472657646
3.4729829257780125,1024,257,3556.334515996685
3.5638111817420395,1024,258,3649.3426501038484
3.1840089586094464,1024,259,3260.425173616073
3.0949503408865553,1024,260,3169.2291490678326
2.990257019014816,1024,261,3062.0231874711717
2.795639949741929,1024,262,2862.7353085357354
3.156504975306973,1024,263,3232.2610947143403
3.241690750228315,1024,264,3319.491328233795
2.630825987708988,1024,265,2693.965811414004
2.3687082944016424,1024,266,2425.557293467282
2.9812233359241986,1024,267,3052.7726959863794
3.1950620022879193,1024,268,3271.7434903428293
3.3522318818655066,1024,269,3432.6854470302787
3.3150472298558213,1024,270,3394.608363372361
2.868660207824945,1024,271,2937.5080528127437
2.823850168649642,1024,272,2891.6225726972334
2.56214153391349,1024,273,2623.6329307274136
2.898518240516662,1024,274,2968.0826782890617
3.0298574463748835,1024,275,3102.5740250878807
2.9059744112370822,1024,276,2975.717797106772
2.857761559074774,1024,277,2926.3478364925686
2.92776892197341,1024,278,2998.035376100772
3.1267787154732076,1024,279,3201.8214046445646
3.702351212188063,1024,280,3791.2076412805764
3.2962088973181025,1024,281,3375.317910853737
3.3090405923813826,1024,282,3388.457566598536
3.0706084655232253,1024,283,3144.3030686957827
2.661405110205365,1024,284,2725.278832850294
2.8517786344917653,1024,285,2920.2213217195676
2.9598827013757267,1024,286,3030.919886208744
2.8150030194838784,1024,287,2882.5630919514915
2.793829823781209,1024,288,2860.881739551958
3.0745346090274666,1024,289,3148.3234396441258
3.4762291921939834,1024,290,3559.658692806639
3.032751034416547,1024,291,3105.5370592425443
2.0836347933043484,1024,292,2133.642028343653
2.0133284078527254,1024,293,2061.648289641191
2.073181305213595,1024,294,2122.937656538721
2.2201637160587175,1024,295,2273.4476452441268
2.91712365327993,1024,296,2987.134620958648
3.0628528324612603,1024,297,3136.3613004403305
3.028141735266132,1024,298,3100.8171369125193
3.1106132186638433,1024,299,3185.2679359117756
2.8523087037071626,1024,300,2920.7641125961345
2.900931427367169,1024,301,2970.553781623981
2.6098954611173184,1024,302,2672.532952184134
3.7158595613188936,1024,303,3805.040190790547
3.1732404561337653,1024,304,3249.3982270809756
3.0161305840080246,1024,305,3088.517718024217
3.30144318587719,1024,306,3380.6778223382425
3.0138235688032253,1024,307,3086.1553344545027
3.187500138599148,1024,308,3264.0001419255277
2.5461561396796863,1024,309,2607.263887031999
2.661622553809721,1024,310,2725.5014951011544
2.8388672868990668,1024,311,2907.0001017846444
2.8673900383602087,1024,312,2936.2073992808537
2.939577012807028,1024,313,3010.126861114397
3.047222246007891,1024,314,3120.3555799120804
3.8082287716290253,1024,315,3899.626262148122
3.0367592697301546,1024,316,3109.6414922036784
2.9135809314342076,1024,317,2983.5068737886286
2.6241572818641146,1024,318,2687.1370566288533
2.814594811953498,1024,319,2882.1450874403818
2.776532534683952,1024,320,2843.1693155163666
2.7683296242563102,1024,321,2834.7695352384617
2.886924275716808,1024,322,2956.2104583340115
3.0620182796040467,1024,323,3135.506718314544
3.069361352554324,1024,324,3143.026025015628
3.0918273121781112,1024,325,3166.031167670386
2.646120472599442,1024,326,2709.6273639418287
2.9068157077300825,1024,327,2976.5792847156044
3.1969164981232936,1024,328,3273.6424940782526
3.13821088930694,1024,329,3213.5279506503066
2.9787873375921947,1024,330,3050.2782336944074
2.9257280510379147,1024,331,2995.9455242628246
3.3367437572045446,1024,332,3416.8256073774537
3.135330964339527,1024,333,3210.5789074836757
2.92901315924108,1024,334,2999.309475062866
3.318633530994447,1024,335,3398.2807357383135
3.3580604665026925,1024,336,3438.653917698757
2.9280375927303837,1024,337,2998.310494955913
3.0299122204826077,1024,338,3102.6301137741902
2.751347114447128,1024,339,2817.3794451938593
2.6470171286665334,1024,340,2710.54553975453
2.8980910249638896,1024,341,2967.645209563023
3.356887752489911,1024,342,3437.4530585496686
3.1440297114321254,1024,343,3219.4864245064964
3.1921207334863126,1024,344,3268.731631089984
2.883799373694078,1024,345,2953.010558662736
2.845817152022043,1024,346,2914.1167636705723
3.1902737896619544,1024,347,3266.8403606138413
2.6036721751218224,1024,348,2666.160307324746
3.620545422997367,1024,349,3707.4385131493036
3.338485887580532,1024,350,3418.609548882465
3.2958993133234884,1024,351,3375.000896843252
3.5972799085071188,1024,352,3683.6146263112896
3.2206852046572862,1024,353,3297.981649569061
2.9730136888860006,1024,354,3044.3660174192646
2.7807879347765185,1024,355,2847.526845211155
2.867137370263322,1024,356,2935.9486671496416
2.8562502581984077,1024,357,2924.8002643951695
3.353012542013687,1024,358,3433.4848430220154
3.0711199003674494,1024,359,3144.826777976268
3.1101996871311,1024,360,3184.8444796222466
2.7414537209158034,1024,361,2807.2486102177827
3.0971789196563506,1024,362,3171.511213728103
2.881016538262287,1024,363,2950.160935180582
3.16552775042868,1024,364,3241.5004164389684
2.76884453462759,1024,365,2835.296803458652
2.1967019967183887,1024,366,2249.42284463963
3.0013498603872364,1024,367,3073.38225703653
3.3878212338379043,1024,368,3469.128943450014
3.7298299037619245,1024,369,3819.3458214522107
3.6936573836274533,1024,370,3782.305160834512
2.8132652289399616,1024,371,2880.7835944345206
3.310615321560128,1024,372,3390.0700892775712
3.2345910826294535,1024,373,3312.2212686125604
3.0487848841373104,1024,374,3121.955721356606
2.8388278840052976,1024,375,2906.9597532214248
2.5025081408860785,1024,376,2562.5683362673444
2.754711826867002,1024,377,2820.82491071181
2.8688521819595074,1024,378,2937.7046343265356
2.6782635842447178,1024,379,2742.541910266591
2.7801959861683017,1024,380,2846.920689836341
2.9012624467357355,1024,381,2970.892745457393
3.5366204346559798,1024,382,3621.4993250877233
3.8644266127304263,1024,383,3957.1728514359565
2.98934536405773,1024,384,3061.0896527951154
3.7096621975122943,1024,385,3798.6940902525894
3.482892323119586,1024,386,3566.481738874456
2.8067905833388593,1024,387,2874.153557338992
3.1503948481163278,1024,388,3226.0043244711196
3.438411896402215,1024,389,3520.933781915868
3.568349981486051,1024,390,3653.9903810417163
3.3441072633915994,1024,391,3424.3658377129977
2.441712182765073,1024,392,2500.313275151435
2.7607425110219452,1024,393,2827.000331286472
2.8278837692483734,1024,394,2895.7529797103343
2.6153317818183837,1024,395,2678.099744582025
3.45013449021112,1024,396,3532.937717976187
2.9628619327799584,1024,397,3033.9706191666774
3.322859585911658,1024,398,3402.608215973538
2.795912523322798,1024,399,2863.014423882545
2.979704217172184,1024,400,3051.2171183843166
3.176443619937686,1024,401,3252.6782668161904
3.4671881230932655,1024,402,3550.400638047504
2.905299436691763,1024,403,2975.0266231723654
2.8539257136957232,1024,404,2922.4199308244206
2.9442908539123778,1024,405,3014.953834406275
4.040426390799752,1024,406,4137.396624178946
4.206601765592268,1024,407,4307.560207966482
4.26298720309731,1024,408,4365.298895971646
3.238995473807364,1024,409,3316.731365178741
2.6118613222135956,1024,410,2674.545993946722
2.424838105815841,1024,411,2483.034220355421
3.370198132405335,1024,412,3451.082887583063
3.26008961207512,1024,413,3338.331762764923
3.0861314855114017,1024,414,3160.1986411636753
3.3617331881581833,1024,415,3442.4147846739797
3.202059486704158,1024,416,3278.908914385058
3.221437446211695,1024,417,3298.7519449207757
3.2524442729801493,1024,418,3330.502935531673
3.280490926606671,1024,419,3359.222708845231
3.2302852080683397,1024,420,3307.81205306198
2.9540862682796245,1024,421,3024.9843387183355
3.2973606882162585,1024,422,3376.4973447334487
3.111746220675741,1024,423,3186.4281299719587
3.258833433590098,1024,424,3337.0454359962605
3.19989903350762,1024,425,3276.696610311803
3.2463434406303975,1024,426,3324.255683205527
3.125416434264139,1024,427,3200.426428686478
3.4371036913750004,1024,428,3519.5941799680004
3.059840064597978,1024,429,3133.2762261483294
2.549433795303088,1024,430,2610.620206390362
2.4042001858225746,1024,431,2461.9009902823163
2.0423938132913477,1024,432,2091.41126481034
2.6352734965066986,1024,433,2698.5200604228594
2.9827116386957897,1024,434,3054.2967180244887
3.3446608509593077,1024,435,3424.932711382331
3.1049587904262843,1024,436,3179.477801396515
3.3868830545232527,1024,437,3468.1682478318107
2.9172918290087324,1024,438,2987.306832904942
2.7652162505053752,1024,439,2831.5814405175042
2.8569639756888137,1024,440,2925.531111105345
2.863478206358433,1024,441,2932.2016833110356
1.9737954741159078,1024,442,2021.1665654946896
2.6268277987022515,1024,443,2689.8716658711055
3.0900406724324228,1024,444,3164.201648570801
3.4813101274387748,1024,445,3564.8615704973054
3.9276784891791507,1024,446,4021.9427729194504
3.319326078799058,1024,447,3398.9899046902356
3.4330448510202416,1024,448,3515.4379274447274
3.046859253093686,1024,449,3119.9838751679345
3.060345740712762,1024,450,3133.7940384898684
3.2016676825613786,1024,451,3278.5077069428517
2.8983897804283316,1024,452,2967.9511351586116
2.8923454971712914,1024,453,2961.7617891034024
3.123608610680492,1024,454,3198.5752173368237
2.872348281594274,1024,455,2941.2846403525364
2.9598413648463975,1024,456,3030.877557602711
3.09238434428768,1024,457,3166.6015685505845
3.2221832628011953,1024,458,3299.515661108424
2.919746195439565,1024,459,2989.8201041301145
2.9694386296840936,1024,460,3040.705156796512
3.178154523462865,1024,461,3254.430232025974
3.1355852193721603,1024,462,3210.839264637092
3.3523782897587893,1024,463,3432.835368713
3.0553473913249007,1024,464,3128.6757287166984
3.084640506766398,1024,465,3158.6718789287916
3.2885176620437235,1024,466,3367.442085932773
2.747970208526027,1024,467,2813.921493530652
2.8151462703282117,1024,468,2882.709780816089
2.2733707427274332,1024,469,2327.9316405528916
2.5381608910926516,1024,470,2599.0767524788753
3.067483675220231,1024,471,3141.1032834255166
3.0941742544659405,1024,472,3168.434436573123
2.993279698444141,1024,473,3065.1184112068004
3.00491395274436,1024,474,3077.0318876102247
2.740984311584441,1024,475,2806.7679350624676
2.7764463744524557,1024,476,2843.0810874393146
2.7393818030071593,1024,477,2805.126966279331
3.0230479174510236,1024,478,3095.601067469848
3.487090132967218,1024,479,3570.780296158431
3.255028190267808,1024,480,3333.1488668342354
3.171868288549092,1024,481,3247.9931274742703
3.178760090214382,1024,482,3255.0503323795274
3.0497381266271475,1024,483,3122.931841666199
3.127390217277494,1024,484,3202.4475824921537
3.0232944310963035,1024,485,3095.8534974426148
3.1297346853973522,1024,486,3204.8483178468887
2.9373995959728205,1024,487,3007.897186276168
3.084828440512446,1024,488,3158.8643230847447
2.258510713513285,1024,489,2312.714970637604
2.8439847650451355,1024,490,2912.240399406219
3.2944536777814974,1024,491,3373.5205660482534
2.8733876522740758,1024,492,2942.3489559286536
2.810356653976811,1024,493,2877.8052136722545
3.099505537235885,1024,494,3173.893670129546
3.158653466466305,1024,495,3234.461149661496
3.1553785475983886,1024,496,3231.10763274075
2.767105843364078,1024,497,2833.516383604816
3.0558956585510693,1024,498,3129.237154356295
3.4034898022634508,1024,499,3485.1735575177736
3.3596458004256533,1024,500,3440.277299635869
3.3387121086934712,1024,501,3418.8411993021145
3.623981307788455,1024,502,3710.9568591753778
3.532721494630323,1024,503,3617.5068105014507
3.473739573654882,1024,504,3557.109323422599
2.9017727392843184,1024,505,2971.415285027142
3.124531593063793,1024,506,3199.520351297324
3.5331786362135773,1024,507,3617.974923482703
3.555075596426832,1024,508,3640.397410741076
3.2976725055471228,1024,509,3376.8166456802537
2.8244898126965445,1024,510,2892.2775682012616
2.751641593621513,1024,511,2817.6809918684294
2.4934828700172034,1024,512,2553.3264588976162
2.6909034931650027,1024,513,2755.4851770009627
3.161308873306595,1024,514,3237.1802862659533
3.077829924190212,1024,515,3151.697842370777
3.188209757574839,1024,516,3264.726791756635
2.397269750144133,1024,517,2454.8042241475923
2.3996886490031173,1024,518,2457.281176579192
2.8371992577248584,1024,519,2905.292039910255
2.730825529333039,1024,520,2796.365342037032
3.4849140811089683,1024,521,3568.5520190555835
3.853267908810409,1024,522,3945.7463386218587
3.5991374831822185,1024,523,3685.5167827785917
3.6513752855672763,1024,524,3739.008292420891
2.9184591748162028,1024,525,2988.5021950117916
2.9100134866583858,1024,526,2979.853810338187
2.7482272667748475,1024,527,2814.184721177444
2.9039588416683983,1024,528,2973.65385386844
3.196335908497417,1024,529,3273.0479703013552
3.2805584871089266,1024,530,3359.291890799541
2.5278713350172097,1024,531,2588.5402470576228
2.8334684859410117,1024,532,2901.471729603596
2.6156427197861234,1024,533,2678.4181450609904
2.9491088491653272,1024,534,3019.887461545295
3.206257474068117,1024,535,3283.207653445752
3.2361364229017227,1024,536,3313.803697051364
3.6479733546568127,1024,537,3735.524715168576
2.833254007549135,1024,538,2901.252103730314
2.9292640903392986,1024,539,2999.5664285074417
3.1599444829509196,1024,540,3235.7831505417416
2.7861145880098093,1024,541,2852.9813381220447
3.070397621248958,1024,542,3144.087164158933
3.7969763379819597,1024,543,3888.1037700935267
3.403601365947061,1024,544,3485.2877987297907
3.0065534291191156,1024,545,3078.7107114179744
2.7754652409895613,1024,546,2842.0764067733107
2.341764614647275,1024,547,2397.9669653988094
2.7861969747514905,1024,548,2853.0657021455263
2.932486415350553,1024,549,3002.8660893189663
2.9853942828838314,1024,550,3057.0437456730433
2.8611535308710536,1024,551,2929.821215611959
2.651578051710864,1024,552,2715.2159249519245
2.7483239524936494,1024,553,2814.283727353497
3.8218527444655024,1024,554,3913.5772103326744
3.99103289384027,1024,555,4086.8176832924364
4.0458311089076915,1024,556,4142.931055521476
3.4595350401273777,1024,557,3542.5638810904347
2.938348662211027,1024,558,3008.8690301040915
2.989704880117756,1024,559,3061.4577972405823
3.4636305312427567,1024,560,3546.757663992583
3.2718743158953245,1024,561,3350.3992994768123
2.905847066586794,1024,562,2975.587396184877
2.681434676453769,1024,563,2745.7891086886593
2.6633936383120087,1024,564,2727.315085631497
3.1573014679676987,1024,565,3233.0767031989235
3.048958685804955,1024,566,3122.133694264274
2.9230465605224847,1024,567,2993.1996779750243
3.270259647800998,1024,568,3348.745879348222
3.102327134096811,1024,569,3176.7829853151343
3.0901436968407268,1024,570,3164.307145564904
2.9743511775711085,1024,571,3045.735605832815
2.5911692531764743,1024,572,2653.3573152527097
2.82648810948956,1024,573,2894.3238241173094
4.46098756848707,1024,574,4568.05127013076
4.330480501975217,1024,575,4434.412034022622
4.16683181452936,1024,576,4266.835778078064
4.285304855276536,1024,577,4388.152171803173
3.8734181932980505,1024,578,3966.3802299372037
3.059959448532693,1024,579,3133.3984752974775
3.0552661884659216,1024,580,3128.5925769891037
3.00597897330843,1024,581,3078.1224686678324
3.2870055641751463,1024,582,3365.89369771535
3.033148520352313,1024,583,3105.9440848407685
3.0447698616449372,1024,584,3117.8443383244157
3.2702370013387636,1024,585,3348.722689370894
3.0859789464434684,1024,586,3160.0424411581116
3.169504319826949,1024,587,3245.5724235027956
2.9529539139431513,1024,588,3023.824807877787
3.5432966627715388,1024,589,3628.3357826780557
3.1287969194778498,1024,590,3203.888045545318
2.9418076244115525,1024,591,3012.41100739743
2.405547599322933,1024,592,2463.2807417066833
3.122028435218837,1024,593,3196.9571176640893
3.0624260587633643,1024,594,3135.924284173685
2.7853500821882937,1024,595,2852.1984841608128
2.8943162932559545,1024,596,2963.7798842940974
3.1446518112681403,1024,597,3220.1234547385757
3.130987163206214,1024,598,3206.130855123163
2.8900954853524503,1024,599,2959.457777000909
3.3099738741596667,1024,600,3389.4132471394987
3.0779073468942393,1024,601,3151.777123219701
3.040189786960397,1024,602,3113.1543418474466
2.9490489940016955,1024,603,3019.826169857736
3.13946980448819,1024,604,3214.8170797959065
3.0922785724025204,1024,605,3166.493258140181
3.117693658051344,1024,606,3192.5183058445764
2.9759120933323757,1024,607,3047.3339835723527
2.7724857930129936,1024,608,2839.0254520453054
3.103021435523061,1024,609,3177.4939499756147
4.047900064502301,1024,610,4145.049666050356
3.290718037711258,1024,611,3369.6952706163283
2.9539228111153903,1024,612,3024.8169585821597
3.433949463938422,1024,613,3516.364251072944
3.1946921422992567,1024,614,3271.364753714439
2.8095217930255245,1024,615,2876.950316058137
3.407386122248937,1024,616,3489.1633891829115
3.4089362106128647,1024,617,3490.7506796675734
2.8680629966052322,1024,618,2936.896508523758
3.051571061716295,1024,619,3124.8087671974863
3.2806168923963526,1024,620,3359.351697813865
2.807701896982133,1024,621,2875.086742509704
2.814621652359577,1024,622,2882.1725720162067
2.5955101577632718,1024,623,2657.8024015495903
2.73347153219855,1024,624,2799.074848971315
2.875515543778217,1024,625,2944.5279168288944
3.1294444785239364,1024,626,3204.551146008511
3.0075211577591823,1024,627,3079.7016655454026
2.7770699697083643,1024,628,2843.719648981365
3.2730148735451223,1024,629,3351.5672305102053
3.282683815107113,1024,630,3361.4682266696836
3.0610200027114374,1024,631,3134.484482776512
2.8841910364140304,1024,632,2953.411621287967
3.6398953773120866,1024,633,3727.2528663675766
3.3358499710036895,1024,634,3415.910370307778
2.933554439756591,1024,635,3003.9597463107493
2.90849188422294,1024,636,2978.2956894442905
3.464563601045569,1024,637,3547.7131274706626
2.2765499179705273,1024,638,2331.18711600182
2.409660793241944,1024,639,2467.4926522797505
3.3010370666634046,1024,640,3380.2619562633263
3.0017835005583784,1024,641,3073.8263045717795
3.2803202240204854,1024,642,3359.047909396977
2.903924739849458,1024,643,2973.618933605845
3.036794264652457,1024,644,3109.677327004116
3.1136516871799813,1024,645,3188.379327672301
3.3124135487433364,1024,646,3391.9114739131765
3.1924430757625686,1024,647,3269.0617095808702
2.5996374647295397,1024,648,2662.0287638830487
2.7831775630691453,1024,649,2849.973824582805
2.742093505815184,1024,650,2807.9037499547485
2.739284487374169,1024,651,2805.027315071149
3.4958213754754865,1024,652,3579.721088486898
2.9844329749551264,1024,653,3056.0593663540494
3.0651898763049417,1024,654,3138.7544333362603
3.142943968821669,1024,655,3218.374624073389
3.413290518499391,1024,656,3495.2094909433763
2.8782134851579144,1024,657,2947.2906088017044
2.7965780727685825,1024,658,2863.6959465150285
3.1003753681171373,1024,659,3174.7843769519486
3.1432849477314395,1024,660,3218.723786476994
2.0406998155034373,1024,661,2089.6766110755198
3.9069076927481774,1024,662,4000.6734773741337
3.016969333333801,1024,663,3089.3765973338122
2.9144594407586553,1024,664,2984.406467336863
3.7323929185337192,1024,665,3821.9703485785285
3.466715372461863,1024,666,3549.9165414009476
3.7916961866817758,1024,667,3882.6968951621384
3.6035049551466045,1024,668,3689.989074070123
3.4117621417822193,1024,669,3493.6444331849925
3.3300438367410834,1024,670,3409.9648888228694
3.0988853209839533,1024,671,3173.258568687568
3.494046742280446,1024,672,3577.9038640951767
2.9035220380519124,1024,673,2973.2065669651583
3.901162506567026,1024,674,3994.7904067246345
3.082950703155234,1024,675,3156.9415200309595
2.988778207136505,1024,676,3060.5088841077813
3.2632443460348384,1024,677,3341.5622103396745
3.5275015597525226,1024,678,3612.161597186583
3.0960107494312226,1024,679,3170.315007417572
2.856583268576742,1024,680,2925.1412670225836
2.3283975764086273,1024,681,2384.2791182424344
3.160619614983034,1024,682,3236.4744857426267
2.9482983136741723,1024,683,3019.0574732023524
3.4998011178707884,1024,684,3583.7963446996873
3.0574474178078077,1024,685,3130.826155835195
2.5697605836112416,1024,686,2631.4348376179114
3.0612163018270735,1024,687,3134.6854930709233
3.0490164165455127,1024,688,3122.192810542605
3.2024709595977257,1024,689,3279.330262628071
3.1710201060163428,1024,690,3247.124588560735
3.3135257992557143,1024,691,3393.0504184378515
3.199868912029501,1024,692,3276.665765918209
3.3029563720807005,1024,693,3382.2273250106373
3.4066759497637236,1024,694,3488.436172558053
3.0639568987447916,1024,695,3137.4918643146666
3.261026041313592,1024,696,3339.290666305118
3.2681932487512313,1024,697,3346.629886721261
3.0502675939638237,1024,698,3123.4740162189555
3.14276883441908,1024,699,3218.1952864451378
3.23936385727189,1024,700,3317.1085898464153
3.6414562651873865,1024,701,3728.851215551884
3.4868824163119854,1024,702,3570.567594303473
2.654741657629682,1024,703,2718.455457412794
2.717471132106458,1024,704,2782.690439277013
2.159114003466847,1024,705,2210.9327395500513
3.440274625207337,1024,706,3522.841216212313
3.304740570761851,1024,707,3384.0543444601353
3.1076486501475458,1024,708,3182.232217751087
2.5927299673613895,1024,709,2654.955486578063
3.29057203176248,1024,710,3369.5457605247793
3.436304509288277,1024,711,3518.775817511196
3.3651894270519875,1024,712,3445.9539733012352
3.0140038200466304,1024,713,3086.3399117277495
3.290499362938249,1024,714,3369.471347648767
2.893839889025209,1024,715,2963.292046361814
3.0108775646741694,1024,716,3083.1386262263495
2.8843052377019234,1024,717,2953.5285634067695
2.992841717988796,1024,718,3064.669919220527
3.2863325804493195,1024,719,3365.204562380103
2.9497569309835896,1024,720,3020.5510973271957
3.052466151228458,1024,721,3125.725338857941
3.3904110267944816,1024,722,3471.780891437549
3.2018837163191662,1024,723,3278.7289255108262
2.8465525918429293,1024,724,2914.8698540471596
3.0959124764300157,1024,725,3170.214375864336
3.1351300485680866,1024,726,3210.3731697337207
3.2125568483602365,1024,727,3289.658212720882
3.2935487690668026,1024,728,3372.593939524406
2.7886432237306042,1024,729,2855.5706611001388
2.817373945346649,1024,730,2884.9909200349684
3.477624978271706,1024,731,3561.087977750227
3.1465823453617894,1024,732,3222.1003216504723
2.6697166103295955,1024,733,2733.789808977506
2.564876072084388,1024,734,2626.4330978144135
3.4613147172237078,1024,735,3544.3862704370767
3.508269754802342,1024,736,3592.468228917598
3.7356484733144555,1024,737,3825.3040366740024
3.001933532009943,1024,738,3073.9799367781816
3.358378942753575,1024,739,3438.9800373796606
3.152645485737594,1024,740,3228.308977395296
3.556574373555975,1024,741,3641.9321585213183
3.2199029154818106,1024,742,3297.180585453374
3.0668945226149305,1024,743,3140.499991157689
3.2897636322850303,1024,744,3368.717959459871
3.410294382389708,1024,745,3492.141447567061
3.432461380483346,1024,746,3514.8404536149465
3.369470825467772,1024,747,3450.3381252789986
3.6084615365182344,1024,748,3695.064613394672
3.0706802405301374,1024,749,3144.3765663028607
2.6007490240942133,1024,750,2663.1670006724744
3.0725277270269657,1024,751,3146.268392475613
3.06286237482297,1024,752,3136.3710718187212
2.906134236893365,1024,753,2975.881458578806
2.935441518609963,1024,754,3005.892115056602
2.972486824545456,1024,755,3043.826508334547
3.0459748849320363,1024,756,3119.078282170405
3.2405688717634007,1024,757,3318.3425246857223
3.016394231803531,1024,758,3088.787693366816
2.9523701587127675,1024,759,3023.227042521874
2.967552850139837,1024,760,3038.7741185431933
3.168347868978426,1024,761,3244.388217833908
3.1736348406036257,1024,762,3249.8020767781127
3.1075947799654955,1024,763,3182.1770546846674
3.1530825709677686,1024,764,3228.756552670995
3.3504317990429513,1024,765,3430.842162219982
3.158677101627319,1024,766,3234.4853520663746
3.0661970803037946,1024,767,3139.7858102310856
3.2324881638279663,1024,768,3310.0678797598375
3.5128105856319607,1024,769,3597.1180396871277
3.536662740761443,1024,770,3621.5426465397177
3.0101076813728227,1024,771,3082.3502657257704
2.9556317772021643,1024,772,3026.5669398550162
2.340265349212899,1024,773,2396.4317175940087
2.0713453833897333,1024,774,2121.057672591087
3.3179552162401365,1024,775,3397.5861414298997
3.6191414351535514,1024,776,3706.0008295972366
3.115269684216811,1024,777,3190.0361566380143
3.4583893235632104,1024,778,3541.3906673287274
3.4469843063479004,1024,779,3529.71192970025
3.4755803226902344,1024,780,3558.9942504348
2.9076585660943204,1024,781,2977.442371680584
3.0004157347762828,1024,782,3072.4257124109135
2.9519920988715374,1024,783,3022.8399092444542
3.3148095775629685,1024,784,3394.3650074244797
3.444466153414824,1024,785,3527.13334109678
2.2603682662479123,1024,786,2314.617104637862
2.302320404500586,1024,787,2357.5760942086
3.1326245253312095,1024,788,3207.8075139391585
2.5871727717880546,1024,789,2649.264918310968
2.256708920054501,1024,790,2310.869934135809
3.0040352681118634,1024,791,3076.132114546548
2.7456232109332586,1024,792,2811.5181679956568
2.929241497081165,1024,793,2999.543293011113
2.8911709777249897,1024,794,2960.5590811903894
2.781122309582953,1024,795,2847.869245012944
3.1198716775910498,1024,796,3194.748597853235
2.8365730480685585,1024,797,2904.650801222204
2.7603922851477147,1024,798,2826.64169999126
3.0267145332238954,1024,799,3099.355682021269
2.5815565110385954,1024,800,2643.5138673035217
2.4123150149962065,1024,801,2470.2105753561154
3.0164734335669436,1024,802,3088.8687959725503
2.935725078056535,1024,803,3006.182479929892
2.822074963131186,1024,804,2889.8047622463346
3.1705946936969234,1024,805,3246.6889663456495
3.2151071391487633,1024,806,3292.2697104883337
2.9858771476395702,1024,807,3057.53819918292
2.8398660332103596,1024,808,2908.022818007408
3.464777463319848,1024,809,3547.9321224395244
3.542959958561724,1024,810,3627.9909975672053
3.5796299762370154,1024,811,3665.5410956667038
3.477867751770873,1024,812,3561.336577813374
3.4406938071393363,1024,813,3523.2704585106803
3.3019139078837867,1024,814,3381.1598416729976
3.0668961727077644,1024,815,3140.5016808527507
3.1796025207834333,1024,816,3255.9129812822357
3.712740978558969,1024,817,3801.8467620443844
3.7214069934546643,1024,818,3810.7207612975762
3.6464412757911058,1024,819,3733.9558664100923
3.311117132505885,1024,820,3390.583943686026
3.325837368549557,1024,821,3405.6574653947464
2.984998106255972,1024,822,3056.6380608061154
2.6361253169394843,1024,823,2699.392324546032
2.910215305297129,1024,824,2980.06047262426
2.5772664669170524,1024,825,2639.1208621230617
2.517268919477118,1024,826,2577.683373544569
3.0123185506002415,1024,827,3084.6141958146472
2.4335534894503192,1024,828,2491.958773197127
3.6808470001142553,1024,829,3769.1873281169974
3.551459536934402,1024,830,3636.694565820828
3.471026655753519,1024,831,3554.3312954916037
2.6852444695056974,1024,832,2749.690336773834
2.6847872939535993,1024,833,2749.2221890084857
3.097395809914552,1024,834,3171.7333093525012
3.2081037052122383,1024,835,3285.098194137332
2.543153831266312,1024,836,2604.1895232167035
2.760316167993345,1024,837,2826.5637560251853
3.3772873190823702,1024,838,3458.342214740347
3.5594518455817195,1024,839,3644.8786898756807
3.625284147624484,1024,840,3712.2909671674715
3.223697205126882,1024,841,3301.0659380499274
3.12042571740983,1024,842,3195.315934627666
3.321339908496441,1024,843,3401.0520663003554
2.8957314603221675,1024,844,2965.2290153698996
2.8623364484760714,1024,845,2931.032523239497
3.1265025457603315,1024,846,3201.5386068585794
3.3551537838276886,1024,847,3435.677474639553
3.7738321208869365,1024,848,3864.404091788223
3.608685535424371,1024,849,3695.293988274556
3.8465747383322437,1024,850,3938.8925320522176
2.837518652152859,1024,851,2905.6190998045277
3.0301560465994157,1024,852,3102.8797917178017
2.928248108929722,1024,853,2998.5260635440354
2.7029667500947667,1024,854,2767.837952097041
3.0348186129900654,1024,855,3107.654259701827
3.1026433732988608,1024,856,3177.1068142580334
2.965598055819754,1024,857,3036.772409159428
2.9049807952822277,1024,858,2974.700334369001
2.814006049774278,1024,859,2881.5421949688607
3.1451220108548625,1024,860,3220.6049391153792
2.8481215114288574,1024,861,2916.47642770315
3.002660009358337,1024,862,3074.723849582937
2.8346304459965275,1024,863,2902.661576700444
3.00629765622773,1024,864,3078.4487999771954
3.2679404069723716,1024,865,3346.3709767397086
2.939409881518664,1024,866,3009.9557186751117
2.9659532656130523,1024,867,3037.1361439877655
2.9381009372668743,1024,868,3008.6153597612793
2.716910355255802,1024,869,2782.1162037819413
2.8450821836192404,1024,870,2913.364156026102
3.065236071787581,1024,871,3138.801737510483
3.045228686176813,1024,872,3118.3141746450565
3.170074469537127,1024,873,3246.156256806018
3.286265377344364,1024,874,3365.1357464006287
3.459636068837,1024,875,3542.667334489088
3.043788248888063,1024,876,3116.8391668613767
2.689122048442968,1024,877,2753.6609776055993
3.237564032007164,1024,878,3315.265568775336
3.0420403087511048,1024,879,3115.0492761611313
2.793475652941666,1024,880,2860.519068612266
2.65101537655295,1024,881,2714.6397455902206
2.5149745254491744,1024,882,2575.3339140599546
2.9144229619922726,1024,883,2984.369113080087
3.1528272805882125,1024,884,3228.4951353223296
2.9535090156691837,1024,885,3024.393232045244
2.4383697111891465,1024,886,2496.890584257686
3.146751170061922,1024,887,3222.273198143408
2.588160255228665,1024,888,2650.276101354153
3.2317557505827867,1024,889,3309.3178885967736
2.978809998167094,1024,890,3050.301438123104
3.316954635525903,1024,891,3396.5615467785246
3.228134955322645,1024,892,3305.6101942503883
3.1664773620499886,1024,893,3242.4728187391884
3.134213272370573,1024,894,3209.434390907467
3.248426338831109,1024,895,3326.388570963056
3.3195299110988685,1024,896,3399.1986289652414
3.1023394145719294,1024,897,3176.7955605216557
3.026101612767592,1024,898,3098.728051474014
2.8771061443734993,1024,899,2946.1566918384633
2.8997137979103655,1024,900,2969.3069290602143
3.340349526658372,1024,901,3420.5179152981727
3.2299301587821674,1024,902,3307.4484825929394
2.8172711030584168,1024,903,2884.885609531819
3.251952431837303,1024,904,3329.9992902013983
3.5412187236034924,1024,905,3626.2079729699763
3.0073026101759126,1024,906,3079.4778728201345
3.1096003435047628,1024,907,3184.230751748877
2.477619044276464,1024,908,2537.081901339099
3.077144319766532,1024,909,3150.995783440929
3.203316930990308,1024,910,3280.1965373340754
2.840226476709404,1024,911,2908.3919121504296
2.912189421507769,1024,912,2982.0819676239553
3.046399104616839,1024,913,3119.512683127643
2.5878277897560267,1024,914,2649.9356567101713
2.48499353405424,1024,915,2544.633378871542
2.5049126508216943,1024,916,2565.030554441415
2.8729173787426134,1024,917,2941.867395832436
2.916387003480253,1024,918,2986.380291563779
2.611911284239966,1024,919,2674.597155061725
3.3564297480643575,1024,920,3436.984062017902
3.6696840989179123,1024,921,3757.756517291942
3.417398718209334,1024,922,3499.416287446358
3.486148765499969,1024,923,3569.8163358719685
3.4968430774508334,1024,924,3580.7673113096535
3.1881585706341973,1024,925,3264.674376329418
3.0022663981501747,1024,926,3074.320791705779
3.087267475456656,1024,927,3161.361894867616
3.4563786939808665,1024,928,3539.3317826364073
3.3890320619854606,1024,929,3470.3688314731116
3.9590488683113563,1024,930,4054.066041150829
3.325937046244988,1024,931,3405.7595353548677
3.3965507614827573,1024,932,3478.0679797583434
3.389728521860391,1024,933,3471.0820063850406
3.6931525573428132,1024,934,3781.7882187190407
3.9586288220368147,1024,935,4053.635913765698
3.4431348862058258,1024,936,3525.7701234747656
3.8170666101507322,1024,937,3908.67620879435
3.832900022991339,1024,938,3924.889623543131
3.7093761992458667,1024,939,3798.4012280277675
3.740894007194015,1024,940,3830.6754633666715
3.606198857292185,1024,941,3692.7476298671972
3.4797991523495284,1024,942,3563.314332005917
3.6338805199047783,1024,943,3721.093652382493
3.717715100676628,1024,944,3806.940263092867
3.5518779862286465,1024,945,3637.123057898134
3.3201146214340724,1024,946,3399.79737234849
3.5316296940798395,1024,947,3616.3888067377557
3.4888960197636436,1024,948,3572.629524237971
3.385577635866582,1024,949,3466.83149912738
3.6368179739472453,1024,950,3724.101605321979
3.4024181871989185,1024,951,3484.0762236916926
3.6710225965618974,1024,952,3759.127138879383
3.5779626448970703,1024,953,3663.8337483746
3.090184941747367,1024,954,3164.349380349304
2.705886446647696,1024,955,2770.827721367241
2.9223121004425963,1024,956,2992.4475908532186
2.986997730631373,1024,957,3058.685676166526
3.049974334368784,1024,958,3123.1737183936348
2.780967117052585,1024,959,2847.710327861847
3.2103713527933184,1024,960,3287.420265260358
3.305490741162309,1024,961,3384.8225189502045
3.18177742098824,1024,962,3258.140079091958
3.098520557984159,1024,963,3172.885051375779
3.122924629771731,1024,964,3197.8748208862526
3.1622288864111514,1024,965,3238.122379685019
2.473541333348706,1024,966,2532.906325349075
2.88211843830544,1024,967,2951.2892808247707
3.0764510263314655,1024,968,3150.2858509634207
3.260036409031523,1024,969,3338.2772828482794
2.7962275246155137,1024,970,2863.336985206286
2.471280327753796,1024,971,2530.591055619887
3.2122203614401847,1024,972,3289.313650114749
3.109133078752194,1024,973,3183.7522726422467
3.148902458606898,1024,974,3224.4761176134634
2.3821757162627364,1024,975,2439.347933453042
2.8298552175070912,1024,976,2897.7717427272614
3.239764620071014,1024,977,3317.5189709527185
3.2343331964735853,1024,978,3311.9571931889514
3.3337144456937153,1024,979,3413.7235923903645
3.2785545204764617,1024,980,3357.2398289678968
2.3403955187801726,1024,981,2396.5650112308967
3.0220712712913276,1024,982,3094.6009818023194
3.2264398713004425,1024,983,3303.874428211653
2.3952484626297093,1024,984,2452.7344257328223
2.9196824960455885,1024,985,2989.7548759506826
3.1041956643278485,1024,986,3178.696360271717
3.173920907099891,1024,987,3250.0950088702884
2.922995778353524,1024,988,2993.1476770340087
3.295775080351511,1024,989,3374.8736822799474
3.225693420797569,1024,990,3303.1100628967106
3.2651142385465164,1024,991,3343.476980271633
3.2385815474343502,1024,992,3316.3075045727746
3.25793560337371,1024,993,3336.126057854679
3.1065002694145107,1024,994,3181.056275880459
3.299875191706448,1024,995,3379.072196307403
3.370122134688824,1024,996,3451.0050659213557
3.055394757737499,1024,997,3128.724231923199
3.3384477614196015,1024,998,3418.570507693672
3.1269266502154665,1024,999,3201.9728898206376
2.511972881028967,1024,1000,2572.2602301736624
2.946627218199424,1024,1001,3017.3462714362104
2.984409432593509,1024,1002,3056.035258975753
3.2565327709993426,1024,1003,3334.689557503327
3.14764394170804,1024,1004,3223.187396309033
3.330039652059668,1024,1005,3409.9606037091
3.0106231226497613,1024,1006,3082.8780775933556
3.210969113182159,1024,1007,3288.032371898531
3.1027308539021234,1024,1008,3177.1963943957744
3.232659224570696,1024,1009,3310.243045960393
3.3514335038261436,1024,1010,3431.867907917971
3.14415652700427,1024,1011,3219.6162836523727
3.217251029712159,1024,1012,3294.465054425251
3.415433311617477,1024,1013,3497.4037110962963
3.446977278304587,1024,1014,3529.704732983897
3.3587464633819764,1024,1015,3439.356378503144
3.311734274395917,1024,1016,3391.215896981419
2.7104203460284566,1024,1017,2775.4704343331396
2.5111861490396166,1024,1018,2571.4546166165674
2.432081385106599,1024,1019,2490.4513383491576
2.900415115281266,1024,1020,2970.0250780480164
3.1247065785854886,1024,1021,3199.6995364715403
2.789351960631734,1024,1022,2856.2964076868957
2.961363944447214,1024,1023,3032.4366791139473
2.907281313653982,1024,1024,2977.0560651816777
2.913378748186119,1024,1025,2983.299838142586
3.0235620235925005,1024,1026,3096.1275121587205
3.609609334691669,1024,1027,3696.239958724269
2.9654181965802593,1024,1028,3036.5882332981855
3.1228563206120725,1024,1029,3197.8048723067623
2.9502212227475013,1024,1030,3021.0265320934413
3.091247550900249,1024,1031,3165.437492121855
2.8711062076609437,1024,1032,2940.0127566448064
3.0384973510754705,1024,1033,3111.4212875012818
2.5677486749917335,1024,1034,2629.374643191535
3.1037684536021857,1024,1035,3178.258896488638
3.204584972895759,1024,1036,3281.4950122452574
2.7111094425613516,1024,1037,2776.176069182824
3.3574221729486027,1024,1038,3438.000305099369
2.9943147831131256,1024,1039,3066.1783379078406
2.9838322934076125,1024,1040,3055.444268449395
3.94937367714779,1024,1041,4044.158645399337
4.06128042226851,1024,1042,4158.751152402954
2.89386934721,1024,1043,2963.32221154304
3.1175044957475038,1024,1044,3192.324603645444
3.288362837152235,1024,1045,3367.2835452438885
3.3489538527539437,1024,1046,3429.3287452200384
2.859138684036237,1024,1047,2927.758012453107
3.1331175876394575,1024,1048,3208.3124097428044
3.0413544935028654,1024,1049,3114.347001346934
2.9347299454968514,1024,1050,3005.163464188776
2.9322182626681013,1024,1051,3002.5915009721357
3.25877265925849,1024,1052,3336.983203080694
3.1074305041510826,1024,1053,3182.0088362507086
2.8109244721833164,1024,1054,2878.386659515716
3.2118589921133207,1024,1055,3288.9436079240404
3.1681751928639343,1024,1056,3244.2113974926688
2.8581535357590298,1024,1057,2926.7492206172465
3.1278324871979066,1024,1058,3202.9004668906564
3.058537485585532,1024,1059,3131.942385239585
3.0217633888378117,1024,1060,3094.285710169919
2.9092271092149744,1024,1061,2979.048559836134
2.8793509840514275,1024,1062,2948.455407668662
3.1201428859108375,1024,1063,3195.0263151726977
3.017395085205081,1024,1064,3089.8125672500028
3.0576337754806424,1024,1065,3131.016986092178
3.252140936853209,1024,1066,3330.192319337686
3.443977381974735,1024,1067,3526.6328391421284
3.0837979899650776,1024,1068,3157.8091417242395
3.1160365110352473,1024,1069,3190.821387300093
3.3028778370011196,1024,1070,3382.1469050891465
3.068674644307638,1024,1071,3142.3228357710213
3.045694962586939,1024,1072,3118.7916416890257
3.2033035751072276,1024,1073,3280.182860909801
3.6084227631306476,1024,1074,3695.024909445783
3.105621515998237,1024,1075,3180.156432382195
3.338116668986572,1024,1076,3418.23146904225
3.1810094729118816,1024,1077,3257.353700261767
2.99818135862278,1024,1078,3070.137711229727
3.355791801251314,1024,1079,3436.3308044813457
3.3762287926790293,1024,1080,3457.258283703326
2.926660174871614,1024,1081,2996.900019068533
3.3840452770039064,1024,1082,3465.262363652
3.333189649285096,1024,1083,3413.186200867938
3.362364000603918,1024,1084,3443.060736618412
3.3478876475651305,1024,1085,3428.2369511066936
2.8617224357580042,1024,1086,2930.4037742161963
3.084022210754142,1024,1087,3158.0387438122416
3.025913932426654,1024,1088,3098.535866804894
3.343535047662293,1024,1089,3423.779888806188
3.1288590666925415,1024,1090,3203.9516842931625
2.7024429093410305,1024,1091,2767.301539165215
2.3091285704851146,1024,1092,2364.5476561767573
3.0542197844641947,1024,1093,3127.5210592913354
3.2903143507962085,1024,1094,3369.2818952153175
3.48488684056872,1024,1095,3568.524124742369
3.430046943321912,1024,1096,3512.368069961638
3.447451885223728,1024,1097,3530.1907304690976
3.348562140391664,1024,1098,3428.927631761064
3.5042087670297164,1024,1099,3588.3097774384296
3.114686415312349,1024,1100,3189.438889279845
3.196054853236877,1024,1101,3272.760169714562
2.753088370605605,1024,1102,2819.1624915001394
3.0167256956434017,1024,1103,3089.1271123388433
3.2071189140662,1024,1104,3284.089768003789
2.507736781395085,1024,1105,2567.922464148567
3.6174466419576987,1024,1106,3704.2653613646835
3.4355497365182543,1024,1107,3518.0029301946925
3.2782972667669696,1024,1108,3356.976401169377
3.3791548548704498,1024,1109,3460.2545713873405
3.052173325151216,1024,1110,3125.425484954845
3.292563550044406,1024,1111,3371.5850752454717
3.1574931153418646,1024,1112,3233.2729501100694
3.0729391307461356,1024,1113,3146.689669884043
2.9237858164732984,1024,1114,2993.9566760686575
2.9243047985149815,1024,1115,2994.488113679341
3.103484322519666,1024,1116,3177.967946260138
2.919701522779121,1024,1117,2989.77435932582
3.2491619961010088,1024,1118,3327.141884007433
3.5853262743760297,1024,1119,3671.3741049610544
3.684701468897167,1024,1120,3773.134304150699
3.405274724533143,1024,1121,3487.0013179219386
3.1221653970397316,1024,1122,3197.097366568685
3.2010957349834364,1024,1123,3277.922032623039
2.707940022433604,1024,1124,2772.9305829720106
3.2193018956917534,1024,1125,3296.5651411883555
2.3662697371259513,1024,1126,2423.060210816974
2.8861853127530566,1024,1127,2955.45376025913
3.5932270641683317,1024,1128,3679.4645137083717
3.012199114146938,1024,1129,3084.4918928864645
2.9734341670431377,1024,1130,3044.796587052173
3.262897047183557,1024,1131,3341.2065763159626
2.950508394390738,1024,1132,3021.3205958561157
2.9840849048219127,1024,1133,3055.7029425376386
3.000640915510168,1024,1134,3072.656297482412
3.28520361238148,1024,1135,3364.0484990786354
3.4216306193685995,1024,1136,3503.749754233446
3.0087777766805672,1024,1137,3080.988443320901
3.4436268828167655,1024,1138,3526.273928004368
2.646125183483491,1024,1139,2709.632187887095
3.4454109371166624,1024,1140,3528.1007996074622
2.478801414537055,1024,1141,2538.2926484859445
3.3504524547698225,1024,1142,3430.863313684298
3.117268158063297,1024,1143,3192.082593856816
2.8540567870121354,1024,1144,2922.5541499004266
3.203336548418548,1024,1145,3280.2166255805932
2.921278148222463,1024,1146,2991.388823779802
3.2445308883593214,1024,1147,3322.399629679945
3.3774165025744196,1024,1148,3458.4744986362057
3.1628202385824142,1024,1149,3238.727924308392
3.017581771069615,1024,1150,3090.003733575286
3.16155592078056,1024,1151,3237.4332628792936
2.7332221289125584,1024,1152,2798.81946000646
3.3034547292302534,1024,1153,3382.7376427317795
3.241237771602698,1024,1154,3319.027478121163
2.9406670395684102,1024,1155,3011.243048518052
3.2097241454023333,1024,1156,3286.7575248919893
3.3094495409001183,1024,1157,3388.876329881721
3.1473208911742176,1024,1158,3222.856592562399
3.1982706508763386,1024,1159,3275.0291464973707
3.229274802050554,1024,1160,3306.7773972997675
3.303864418610374,1024,1161,3383.157164657023
3.09528759907365,1024,1162,3169.5745014514177
2.8422041863757173,1024,1163,2910.4170868487345
3.138787780228995,1024,1164,3214.118686954491
3.2379712077054137,1024,1165,3315.6825166903436
3.073240713889504,1024,1166,3146.9984910228522
3.0579452319791045,1024,1167,3131.335917546603
3.06002606018491,1024,1168,3133.466685629348
2.9183423011992886,1024,1169,2988.3825164280715
3.3233611675821066,1024,1170,3403.121835604077
3.376390724374801,1024,1171,3457.424101759796
3.112641813618893,1024,1172,3187.3452171457466
2.929207348743887,1024,1173,2999.5083251137403
3.0057966520647597,1024,1174,3077.935771714314
3.2482909267997684,1024,1175,3326.249909042963
3.075028924039316,1024,1176,3148.8296182162594
2.9676802467228542,1024,1177,3038.9045726442027
2.761445823797061,1024,1178,2827.7205235681904
2.986924571514635,1024,1179,3058.610761230986
2.990873290110869,1024,1180,3062.65424907353
2.9655283424279197,1024,1181,3036.70102264619
2.880223743264593,1024,1182,2949.349113102943
2.6985161536260023,1024,1183,2763.2805413130263
2.696761123117142,1024,1184,2761.483390071953
3.048168463381442,1024,1185,3121.3245065025967
3.0929448050123494,1024,1186,3167.1754803326457
2.860310166704636,1024,1187,2928.9576107055473
3.0485984366866923,1024,1188,3121.764799167173
3.41331116703374,1024,1189,3495.2306350425497
3.202939817120601,1024,1190,3279.8103727314956
1.9796234763113878,1024,1191,2027.134439742861
2.7919306505324215,1024,1192,2858.9369861451996
3.1016167692277747,1024,1193,3176.0555716892413
2.9440552158741564,1024,1194,3014.712541055136
2.7030774602266465,1024,1195,2767.951319272086
2.663442937205218,1024,1196,2727.3655676981434
3.0970864604185877,1024,1197,3171.416535468634
3.150635956163871,1024,1198,3226.251219111804
2.824437329370882,1024,1199,2892.2238252757834
3.2671504601420196,1024,1200,3345.562071185428
3.4242002035563246,1024,1201,3506.3810084416764
2.556763307874718,1024,1202,2618.125627263711
2.8167869311688207,1024,1203,2884.3898175168724
3.251769323954477,1024,1204,3329.8117877293844
3.1125025227782004,1024,1205,3187.202583324877
2.7594085136419606,1024,1206,2825.6343179693677
3.049824826422956,1024,1207,3123.020622257107
3.1561713438671575,1024,1208,3231.9194561199693
3.018543351825919,1024,1209,3090.988392269741
2.851457532494173,1024,1210,2919.8925132740333
2.936715637217617,1024,1211,3007.1968125108397
3.107370280568915,1024,1212,3181.947167302569
3.1265717937662316,1024,1213,3201.609516816621
3.3792962973522833,1024,1214,3460.399408488738
3.274048033630237,1024,1215,3352.6251864373626
3.174726250715427,1024,1216,3250.919680732597
3.268699388481423,1024,1217,3347.148173804977
3.47378029623054,1024,1218,3557.151023340073
2.915962841057876,1024,1219,2985.945949243265
2.794509024080469,1024,1220,2861.5772406584
2.880886270543783,1024,1221,2950.027541036834
3.246897605385257,1024,1222,3324.8231479145034
3.2576338748166336,1024,1223,3335.817087812233
3.3364390450975066,1024,1224,3416.5135821798467
3.281263731520312,1024,1225,3360.0140610767994
3.1900051309212927,1024,1226,3266.5652540634037
3.0689896077777803,1024,1227,3142.645358364447
3.361414606732964,1024,1228,3442.0885572945554
3.0781237029284227,1024,1229,3151.998671798705
3.2678375293780846,1024,1230,3346.2656300831586
2.7764008714447748,1024,1231,2843.0344923594494
3.073397958221072,1024,1232,3147.159509218378
2.847493369773982,1024,1233,2915.8332106485577
2.9264678033802483,1024,1234,2996.703030661374
2.7829348919136976,1024,1235,2849.7253293196263
2.7684057095014154,1024,1236,2834.8474465294494
2.7576781922271287,1024,1237,2823.86246884058
2.8278452644797465,1024,1238,2895.7135508272604
2.890497524233343,1024,1239,2959.869464814943
3.4337066116466275,1024,1240,3516.1155703261466
2.8496865410732823,1024,1241,2918.079018059041
2.5878032499807375,1024,1242,2649.910527980275
2.584364498770924,1024,1243,2646.389246741426
2.734536551624089,1024,1244,2800.165428863067
2.8759667001457956,1024,1245,2944.9899009492947
2.2679449477205944,1024,1246,2322.3756264658887
2.9950429753576415,1024,1247,3066.924006766225
3.038400174059067,1024,1248,3111.3217782364845
3.4200952326262453,1024,1249,3502.177518209275
3.501593530033915,1024,1250,3585.631774754729
3.199713735469924,1024,1251,3276.5068651212023
2.860486199700574,1024,1252,2929.137868493388
2.840924159250335,1024,1253,2909.106339072343
2.5895658618557604,1024,1254,2651.7154425402987
2.2559616171324066,1024,1255,2310.1046959435844
2.1869905342906577,1024,1256,2239.4783071136335
2.938174446165462,1024,1257,3008.690632873433
2.7145152476942087,1024,1258,2779.6636136388697
2.6034658734577647,1024,1259,2665.949054420751
3.1133602612232885,1024,1260,3188.0809074926474
3.1322040145370487,1024,1261,3207.376910885938
2.6574195069208386,1024,1262,2721.1975750869387
3.389960990673295,1024,1263,3471.320054449454
3.478437496992747,1024,1264,3561.919996920573
3.5963266654218096,1024,1265,3682.638505391933
3.475591475327235,1024,1266,3559.0056707350886
3.3955851739815444,1024,1267,3477.0792181571014
3.4439861011384956,1024,1268,3526.6417675658195
3.712381265900291,1024,1269,3801.478416281898
3.5005615660987566,1024,1270,3584.5750436851267
3.5610178016016683,1024,1271,3646.4822288401083
3.4985621401313747,1024,1272,3582.5276314945277
3.452974542333081,1024,1273,3535.845931349075
3.612864075206474,1024,1274,3699.5728130114294
3.5594527378852376,1024,1275,3644.8796035944833
3.414493618082645,1024,1276,3496.4414649166283
2.79104311005519,1024,1277,2858.0281446965146
3.3208299149908953,1024,1278,3400.529832950677
3.1402000080509893,1024,1279,3215.564808244213
